user_id,start_date,end_date,label
5edb3560b03fca82be4cb6f1549a57175f7bd211,2020-11-18 18:52:37+00:00,2020-12-16 18:52:37+00:00,1
5edb3560b03fca82be4cb6f1549a57175f7bd211,2020-12-16 18:52:37+00:00,2021-01-13 18:52:37+00:00,1
5edb3560b03fca82be4cb6f1549a57175f7bd211,2021-01-13 18:52:37+00:00,2021-02-10 18:52:37+00:00,1
bc5a4246f25ff5f97e692964b37379a38b31fc5e,2021-01-24 20:59:25+00:00,2021-02-21 20:59:25+00:00,1
7680319e4ada656cb76544b2b76980a99cb5f90a,2021-01-24 08:48:12+00:00,2021-02-21 08:48:12+00:00,1
4dc1242f70faa3a3b88b571b936f56fe9f304932,2020-10-20 11:08:54+00:00,2020-11-17 11:08:54+00:00,1
4dc1242f70faa3a3b88b571b936f56fe9f304932,2020-11-17 11:08:54+00:00,2020-12-15 11:08:54+00:00,0
4dc1242f70faa3a3b88b571b936f56fe9f304932,2020-12-15 11:08:54+00:00,2021-01-12 11:08:54+00:00,0
5d4a13d06bca8bee6259d0cf18c9354e0c6eec2b,2020-10-02 09:16:45+00:00,2020-10-30 09:16:45+00:00,1
5d4a13d06bca8bee6259d0cf18c9354e0c6eec2b,2020-10-30 09:16:45+00:00,2020-11-27 09:16:45+00:00,0
e8303c307e0422bbef452e6e8b39e97073580ab5,2020-09-29 13:49:31+00:00,2020-10-27 13:49:31+00:00,1
a4df479bab2cb3d96368e12722e009dbdb891228,2020-12-24 12:52:20+00:00,2021-01-21 12:52:20+00:00,1
a2c8cf279d6ad01dce168b1008414a271117eaec,2020-10-15 22:25:21+00:00,2020-11-12 22:25:21+00:00,1
a2c8cf279d6ad01dce168b1008414a271117eaec,2020-11-12 22:25:21+00:00,2020-12-10 22:25:21+00:00,0
d83893c962f8b956b18d54e3a0570d3008421071,2020-11-16 16:12:56+00:00,2020-12-14 16:12:56+00:00,1
7dc2affd50b5125bd52a5091c1e9374311cb8168,2021-01-14 13:25:06+00:00,2021-02-11 13:25:06+00:00,1
5416f06962a7755397b9e3d06a33fe0c5340a448,2021-01-19 19:07:41+00:00,2021-02-16 19:07:41+00:00,1
9c144421b45f6bd9fec3acf56bf2378f2418b94d,2020-11-29 15:26:26+00:00,2020-12-27 15:26:26+00:00,1
ef27824cfb6308a3d6088958b905e6375bbd9641,2020-11-06 15:41:16+00:00,2020-12-04 15:41:16+00:00,1
784873270277f853f0e2c14798acf935e8eb748e,2021-01-05 10:22:56+00:00,2021-02-02 10:22:56+00:00,1
ddbaebae7a019f9ddf34e0f33419aab2a1b3ac49,2020-10-29 12:14:18+00:00,2020-11-26 12:14:18+00:00,1
ddbaebae7a019f9ddf34e0f33419aab2a1b3ac49,2020-11-26 12:14:18+00:00,2020-12-24 12:14:18+00:00,1
88e79cdf2741daa53493448c17f1b72256a3310f,2020-09-25 12:24:08+00:00,2020-10-23 12:24:08+00:00,1
88e79cdf2741daa53493448c17f1b72256a3310f,2020-10-23 12:24:08+00:00,2020-11-20 12:24:08+00:00,1
88e79cdf2741daa53493448c17f1b72256a3310f,2020-11-20 12:24:08+00:00,2020-12-18 12:24:08+00:00,0
88e79cdf2741daa53493448c17f1b72256a3310f,2020-12-18 12:24:08+00:00,2021-01-15 12:24:08+00:00,0
88e79cdf2741daa53493448c17f1b72256a3310f,2021-01-15 12:24:08+00:00,2021-02-12 12:24:08+00:00,0
9be935bb674b1d002a1f312dc2c97b6bf910ccf5,2020-12-30 11:29:53+00:00,2021-01-27 11:29:53+00:00,1
5f5bb398decd7b1911240ed71e09c0ba6ef83e62,2020-11-29 21:05:05+00:00,2020-12-27 21:05:05+00:00,1
5f5bb398decd7b1911240ed71e09c0ba6ef83e62,2020-12-27 21:05:05+00:00,2021-01-24 21:05:05+00:00,1
0d0af70bf034baa0d3d7a5f3daa8bb86ebe34ffb,2020-09-25 05:48:48+00:00,2020-10-23 05:48:48+00:00,1
9af250cb7f3d180a35c004cdbb1bb2bcd2df90a0,2020-12-09 16:21:54+00:00,2021-01-06 16:21:54+00:00,1
9af250cb7f3d180a35c004cdbb1bb2bcd2df90a0,2021-01-06 16:21:54+00:00,2021-02-03 16:21:54+00:00,0
7dc64cb840163919b30934fdf6751b8103e3778e,2020-11-21 11:37:15+00:00,2020-12-19 11:37:15+00:00,1
13ff4d3f3cb0e81fe0391ceb9a45d5c8ed5a1685,2020-11-30 17:58:40+00:00,2020-12-28 17:58:40+00:00,1
13ff4d3f3cb0e81fe0391ceb9a45d5c8ed5a1685,2020-12-28 17:58:40+00:00,2021-01-25 17:58:40+00:00,0
d825d39bec78b0876db48918f1db680a529096fb,2020-10-14 16:42:31+00:00,2020-11-11 16:42:31+00:00,1
22756a35e78f5191f737359c746e5778ed3efca2,2021-01-04 01:25:43+00:00,2021-02-01 01:25:43+00:00,1
a9b431ac6bfbce77a7e8f925080aa2c6b6267f15,2020-10-05 06:46:05+00:00,2020-11-02 06:46:05+00:00,1
21440d021e4c1cfc169606aae5343e6e8a4f5b02,2020-10-07 14:47:28+00:00,2020-11-04 14:47:28+00:00,1
21440d021e4c1cfc169606aae5343e6e8a4f5b02,2020-11-04 14:47:28+00:00,2020-12-02 14:47:28+00:00,0
21440d021e4c1cfc169606aae5343e6e8a4f5b02,2020-12-02 14:47:28+00:00,2020-12-30 14:47:28+00:00,1
0684a2548918523b7371d66c0ed7486818a0cebd,2020-10-16 13:29:40+00:00,2020-11-13 13:29:40+00:00,1
0684a2548918523b7371d66c0ed7486818a0cebd,2020-11-13 13:29:40+00:00,2020-12-11 13:29:40+00:00,1
0684a2548918523b7371d66c0ed7486818a0cebd,2020-12-11 13:29:40+00:00,2021-01-08 13:29:40+00:00,0
d31c43636843f47f4b21669b6efa2ce8877a98aa,2020-10-29 19:34:42+00:00,2020-11-26 19:34:42+00:00,1
b1a784fddfe39629748c443179b7f67facb1099d,2020-11-21 13:36:05+00:00,2020-12-19 13:36:05+00:00,1
b1a784fddfe39629748c443179b7f67facb1099d,2020-12-19 13:36:05+00:00,2021-01-16 13:36:05+00:00,1
e39dd69540646c2ef867e7868cfa8faa77c26144,2020-10-04 06:08:38+00:00,2020-11-01 06:08:38+00:00,1
f609f1f5a614330242f3c32a6c8784c9a611cafd,2021-01-26 07:18:49+00:00,2021-02-23 07:18:49+00:00,1
c09b20bb2af5c04d4b3d3f4870d9ec28f788a86a,2020-12-11 10:55:32+00:00,2021-01-08 10:55:32+00:00,1
c09b20bb2af5c04d4b3d3f4870d9ec28f788a86a,2021-01-08 10:55:32+00:00,2021-02-05 10:55:32+00:00,1
87e5d8981e68fd95b015180234667fb01b8a519f,2020-11-15 07:51:10+00:00,2020-12-13 07:51:10+00:00,1
87e5d8981e68fd95b015180234667fb01b8a519f,2020-12-13 07:51:10+00:00,2021-01-10 07:51:10+00:00,1
87e5d8981e68fd95b015180234667fb01b8a519f,2021-01-10 07:51:10+00:00,2021-02-07 07:51:10+00:00,0
15d2b81ad5d0241da7b72155490121d1d7372705,2020-12-12 21:24:28+00:00,2021-01-09 21:24:28+00:00,1
a0654312ffa10cc6f055ba46e9ef45176d2c69ca,2020-12-26 11:46:54+00:00,2021-01-23 11:46:54+00:00,1
8e09fff76f63894564059f35b2198be687a46b0a,2020-12-04 09:14:55+00:00,2021-01-01 09:14:55+00:00,1
9687a467a4472397d1128a2886ce30c8b1004c53,2020-10-05 13:07:38+00:00,2020-11-02 13:07:38+00:00,1
9687a467a4472397d1128a2886ce30c8b1004c53,2020-11-02 13:07:38+00:00,2020-11-30 13:07:38+00:00,0
5964c8588f1fa923d2f280ffe4733dd8180da4cd,2020-12-20 18:41:13+00:00,2021-01-17 18:41:13+00:00,1
62fb03c67f243a816363b0461ab2e302085c5e67,2020-10-04 10:14:22+00:00,2020-11-01 10:14:22+00:00,1
62fb03c67f243a816363b0461ab2e302085c5e67,2020-11-01 10:14:22+00:00,2020-11-29 10:14:22+00:00,0
62fb03c67f243a816363b0461ab2e302085c5e67,2020-11-29 10:14:22+00:00,2020-12-27 10:14:22+00:00,0
62fb03c67f243a816363b0461ab2e302085c5e67,2020-12-27 10:14:22+00:00,2021-01-24 10:14:22+00:00,0
cb5936f4f13a9da66c4d5922c6bd6ee166a62cb9,2020-10-20 14:16:58+00:00,2020-11-17 14:16:58+00:00,1
cb5936f4f13a9da66c4d5922c6bd6ee166a62cb9,2020-11-17 14:16:58+00:00,2020-12-15 14:16:58+00:00,0
cb5936f4f13a9da66c4d5922c6bd6ee166a62cb9,2020-12-15 14:16:58+00:00,2021-01-12 14:16:58+00:00,0
d42288d6bae082fa6c74f44ae569a0aa49428b78,2020-12-18 14:45:15+00:00,2021-01-15 14:45:15+00:00,1
772db1ebf37faef3f209a21b744fcca698c79faf,2020-12-31 11:36:44+00:00,2021-01-28 11:36:44+00:00,1
5f16a0ba490bfb4657ffa49d51b4c01763b2cc1a,2021-01-05 08:51:34+00:00,2021-02-02 08:51:34+00:00,1
32cdbe1213f13edd5ed7c284fc2f507b6c2dcece,2020-10-18 10:36:37+00:00,2020-11-15 10:36:37+00:00,1
9bdbb704ffd3b606a12c3441e21f28714878f095,2020-12-08 12:53:40+00:00,2021-01-05 12:53:40+00:00,1
7aba6027ef0934dfbf1ba2fe12411da9b4b10f38,2020-10-23 06:28:41+00:00,2020-11-20 06:28:41+00:00,1
1bb93ed9d5ad329f441e7eb0eb0e92afa51d8f08,2020-11-04 09:26:45+00:00,2020-12-02 09:26:45+00:00,1
1bb93ed9d5ad329f441e7eb0eb0e92afa51d8f08,2020-12-02 09:26:45+00:00,2020-12-30 09:26:45+00:00,0
1bb93ed9d5ad329f441e7eb0eb0e92afa51d8f08,2020-12-30 09:26:45+00:00,2021-01-27 09:26:45+00:00,0
b09b514f35bb702ac0f7490abb4d67231ff4cebc,2020-12-21 15:05:54+00:00,2021-01-18 15:05:54+00:00,1
b09b514f35bb702ac0f7490abb4d67231ff4cebc,2021-01-18 15:05:54+00:00,2021-02-15 15:05:54+00:00,0
f9fffb78d3586e70a2a8cb4dec0769ee1ee46ae9,2020-09-24 17:03:27+00:00,2020-10-22 17:03:27+00:00,1
79e7ce7907b05f3763d8d711e811609bc188268a,2020-11-24 19:48:34+00:00,2020-12-22 19:48:34+00:00,1
bf778a011e5981e51845a9f7301ce0c6b442d6f4,2021-01-04 09:41:38+00:00,2021-02-01 09:41:38+00:00,1
a3e4dace1758b4f990d41cedaaaf489e38cffb71,2020-12-13 14:52:06+00:00,2021-01-10 14:52:06+00:00,1
a3e4dace1758b4f990d41cedaaaf489e38cffb71,2021-01-10 14:52:06+00:00,2021-02-07 14:52:06+00:00,0
4abb2d007963c3e50eb1f4a1740ed694d6458508,2020-10-24 14:09:16+00:00,2020-11-21 14:09:16+00:00,1
a095814ecc686ad11197d17842b6cf9d20d8730b,2020-11-04 08:31:26+00:00,2020-12-02 08:31:26+00:00,1
1ab9c5b4af1cc865c2c3b796e96b24d3b95ec0f7,2020-10-27 23:03:25+00:00,2020-11-24 23:03:25+00:00,1
1ab9c5b4af1cc865c2c3b796e96b24d3b95ec0f7,2020-11-24 23:03:25+00:00,2020-12-22 23:03:25+00:00,0
fb63f2e66cef4d74866b420a85979cf4bde58f1c,2021-01-17 18:22:10+00:00,2021-02-14 18:22:10+00:00,1
2c0cc1ef45d17e524e7213ad7bd59939e5b4b89f,2021-01-07 12:53:34+00:00,2021-02-04 12:53:34+00:00,1
2987736e988c3c628a63a10ee5d0787a6403285b,2020-12-15 21:15:33+00:00,2021-01-12 21:15:33+00:00,1
d63793acc2b3e081196917b22f1a652fef211478,2020-10-20 07:54:01+00:00,2020-11-17 07:54:01+00:00,1
cec678340413dd4b43733acb7c190b2ad4ee262d,2020-10-13 13:00:54+00:00,2020-11-10 13:00:54+00:00,1
fa99960caed4b920b68082d5973a5167ace9be38,2021-01-11 11:32:34+00:00,2021-02-08 11:32:34+00:00,1
c57dea0fa5aa710ae4ffb4f2e9d296c0e62a5ca0,2021-01-11 10:34:23+00:00,2021-02-08 10:34:23+00:00,1
e030444efe4dcc211d2b43068c309361929ba7bd,2020-09-28 18:24:59+00:00,2020-10-26 18:24:59+00:00,1
e030444efe4dcc211d2b43068c309361929ba7bd,2020-10-26 18:24:59+00:00,2020-11-23 18:24:59+00:00,1
e030444efe4dcc211d2b43068c309361929ba7bd,2020-11-23 18:24:59+00:00,2020-12-21 18:24:59+00:00,1
9014ca14e04370738f23b0c23d2f9f00cbbd53df,2020-11-07 09:54:23+00:00,2020-12-05 09:54:23+00:00,1
9014ca14e04370738f23b0c23d2f9f00cbbd53df,2020-12-05 09:54:23+00:00,2021-01-02 09:54:23+00:00,0
9014ca14e04370738f23b0c23d2f9f00cbbd53df,2021-01-02 09:54:23+00:00,2021-01-30 09:54:23+00:00,0
9014ca14e04370738f23b0c23d2f9f00cbbd53df,2021-01-30 09:54:23+00:00,2021-02-27 09:54:23+00:00,0
a0ff69b74211dc7621211a9256c20de00c7e960c,2020-11-28 15:05:21+00:00,2020-12-26 15:05:21+00:00,1
f387738cde9512eb6c58fd1c32891ffe9d6ae1ff,2020-10-25 10:20:51+00:00,2020-11-22 10:20:51+00:00,1
f387738cde9512eb6c58fd1c32891ffe9d6ae1ff,2020-11-22 10:20:51+00:00,2020-12-20 10:20:51+00:00,0
f387738cde9512eb6c58fd1c32891ffe9d6ae1ff,2020-12-20 10:20:51+00:00,2021-01-17 10:20:51+00:00,0
344b9fb2d93dbcd8705b7154ef5d198e73e1fe72,2020-10-19 17:51:14+00:00,2020-11-16 17:51:14+00:00,1
7de7b27beb6e245c0e136d4a40461d7ac857b3cf,2020-12-12 05:33:16+00:00,2021-01-09 05:33:16+00:00,1
7de7b27beb6e245c0e136d4a40461d7ac857b3cf,2021-01-09 05:33:16+00:00,2021-02-06 05:33:16+00:00,0
d1086c8978bcf030c0c64ac5468190dde22a57da,2020-10-22 19:04:20+00:00,2020-11-19 19:04:20+00:00,1
d1086c8978bcf030c0c64ac5468190dde22a57da,2020-11-19 19:04:20+00:00,2020-12-17 19:04:20+00:00,1
33fefe7db0368e3319b2991cff5f3c6368f7b936,2020-11-27 10:06:26+00:00,2020-12-25 10:06:26+00:00,1
33fefe7db0368e3319b2991cff5f3c6368f7b936,2020-12-25 10:06:26+00:00,2021-01-22 10:06:26+00:00,0
45bb773e8136bcb196dbdbd458f86b35199fc000,2020-09-30 18:41:03+00:00,2020-10-28 18:41:03+00:00,1
45bb773e8136bcb196dbdbd458f86b35199fc000,2020-10-28 18:41:03+00:00,2020-11-25 18:41:03+00:00,1
45bb773e8136bcb196dbdbd458f86b35199fc000,2020-11-25 18:41:03+00:00,2020-12-23 18:41:03+00:00,0
031c17c35a7b46eff09e5a87914d52936a5490db,2020-10-18 09:12:55+00:00,2020-11-15 09:12:55+00:00,1
031c17c35a7b46eff09e5a87914d52936a5490db,2020-11-15 09:12:55+00:00,2020-12-13 09:12:55+00:00,1
031c17c35a7b46eff09e5a87914d52936a5490db,2020-12-13 09:12:55+00:00,2021-01-10 09:12:55+00:00,0
48294d3f53c9b2a8fed88ed77a6460998b73f062,2020-10-21 17:16:11+00:00,2020-11-18 17:16:11+00:00,1
48294d3f53c9b2a8fed88ed77a6460998b73f062,2020-11-18 17:16:11+00:00,2020-12-16 17:16:11+00:00,0
848cb2a6c821aa4116088da4cab643dcd8b3b211,2020-09-29 19:55:25+00:00,2020-10-27 19:55:25+00:00,1
848cb2a6c821aa4116088da4cab643dcd8b3b211,2020-10-27 19:55:25+00:00,2020-11-24 19:55:25+00:00,1
56ecd1789c934540dcc48030a059bbdf0f2c146c,2020-10-02 06:34:26+00:00,2020-10-30 06:34:26+00:00,1
56ecd1789c934540dcc48030a059bbdf0f2c146c,2020-10-30 06:34:26+00:00,2020-11-27 06:34:26+00:00,0
56ecd1789c934540dcc48030a059bbdf0f2c146c,2020-11-27 06:34:26+00:00,2020-12-25 06:34:26+00:00,0
a5ee7c74783a2dfcf435acf78611bb1595cd8621,2020-12-30 16:14:07+00:00,2021-01-27 16:14:07+00:00,1
14560a93f006bbe0e6f5b4401c29fb341b084ec1,2020-12-14 20:01:26+00:00,2021-01-11 20:01:26+00:00,1
b4ccc380ce860e08d6bf07d00c333a44f5253d0e,2020-10-27 16:48:44+00:00,2020-11-24 16:48:44+00:00,1
b4ccc380ce860e08d6bf07d00c333a44f5253d0e,2020-11-24 16:48:44+00:00,2020-12-22 16:48:44+00:00,0
b4ccc380ce860e08d6bf07d00c333a44f5253d0e,2020-12-22 16:48:44+00:00,2021-01-19 16:48:44+00:00,1
b4ccc380ce860e08d6bf07d00c333a44f5253d0e,2021-01-19 16:48:44+00:00,2021-02-16 16:48:44+00:00,1
87fed893ec8fd85fdb819bb454f432e81e4ebeba,2020-11-23 16:56:30+00:00,2020-12-21 16:56:30+00:00,1
29ecf762c91a1a3f936a6ce75fd2242b31652aaa,2020-11-18 20:05:23+00:00,2020-12-16 20:05:23+00:00,1
feaeb2f07a63b303df9babd0af0c51a701cee22e,2020-11-25 10:14:56+00:00,2020-12-23 10:14:56+00:00,1
feaeb2f07a63b303df9babd0af0c51a701cee22e,2020-12-23 10:14:56+00:00,2021-01-20 10:14:56+00:00,0
ed3fe20c58f98f21ebdb228aa0079d5ec2761cfb,2021-01-11 11:58:25+00:00,2021-02-08 11:58:25+00:00,1
7dd9dedf5115cc2f4c1d384a63bd21e878fa257e,2020-10-11 07:53:06+00:00,2020-11-08 07:53:06+00:00,1
fc612884f750c1969c4883c9036f7655ad645c3b,2020-10-14 07:25:11+00:00,2020-11-11 07:25:11+00:00,1
fc612884f750c1969c4883c9036f7655ad645c3b,2020-11-11 07:25:11+00:00,2020-12-09 07:25:11+00:00,0
fc612884f750c1969c4883c9036f7655ad645c3b,2020-12-09 07:25:11+00:00,2021-01-06 07:25:11+00:00,0
8605b2a1ab5c1690ac18c4666f9c957c5809a1f5,2020-11-04 17:08:21+00:00,2020-12-02 17:08:21+00:00,1
13d33cff299318edb773723e8dab8ca7d062220a,2020-10-08 18:35:38+00:00,2020-11-05 18:35:38+00:00,1
0f8953c58de9d4ccabc20ebce82da77463d41b22,2021-01-15 11:43:03+00:00,2021-02-12 11:43:03+00:00,1
aa60304873152dd90f5e2f5f0e8c12f7320fbbc5,2020-10-15 18:17:31+00:00,2020-11-12 18:17:31+00:00,1
d81de55a0af4511f185ed3c32b96c5f811456058,2020-10-19 20:48:49+00:00,2020-11-16 20:48:49+00:00,1
3e3d6a5ef59f137b99859738e52a1a5f5ac2112e,2020-12-01 14:31:13+00:00,2020-12-29 14:31:13+00:00,1
3e3d6a5ef59f137b99859738e52a1a5f5ac2112e,2020-12-29 14:31:13+00:00,2021-01-26 14:31:13+00:00,0
207f4c4db1c4c7f5867f1d93eae61c377ff5699f,2020-09-29 12:02:09+00:00,2020-10-27 12:02:09+00:00,1
c81d4eab364ac728e21430b41b10f6e618985531,2020-09-25 11:50:53+00:00,2020-10-23 11:50:53+00:00,1
c04836b973edabd364601904d6c9ca3db4f73910,2020-10-24 09:40:42+00:00,2020-11-21 09:40:42+00:00,1
6a802f77bd9075eb389ab0b587963ed540a556cd,2020-12-21 14:13:31+00:00,2021-01-18 14:13:31+00:00,1
26335132bb920d21eaaa72b22ce3c00a40d435f2,2020-12-02 14:58:58+00:00,2020-12-30 14:58:58+00:00,1
a9a1b1e42e4e7dac7ead942b2d274fcdf636207b,2020-12-04 03:37:41+00:00,2021-01-01 03:37:41+00:00,1
a9a1b1e42e4e7dac7ead942b2d274fcdf636207b,2021-01-01 03:37:41+00:00,2021-01-29 03:37:41+00:00,0
5e160f32717653df8747435a88d5fcf779842ccc,2020-09-30 02:56:43+00:00,2020-10-28 02:56:43+00:00,1
5e160f32717653df8747435a88d5fcf779842ccc,2020-10-28 02:56:43+00:00,2020-11-25 02:56:43+00:00,1
5e160f32717653df8747435a88d5fcf779842ccc,2020-11-25 02:56:43+00:00,2020-12-23 02:56:43+00:00,0
5e160f32717653df8747435a88d5fcf779842ccc,2020-12-23 02:56:43+00:00,2021-01-20 02:56:43+00:00,0
5e160f32717653df8747435a88d5fcf779842ccc,2021-01-20 02:56:43+00:00,2021-02-17 02:56:43+00:00,0
d87956728b5c50699771e5a7655bc2c5ec31e50a,2021-01-13 16:24:42+00:00,2021-02-10 16:24:42+00:00,1
f2fb504b810e2ae3ff0bf696cb94947545fbf084,2021-01-13 14:39:43+00:00,2021-02-10 14:39:43+00:00,1
3554df1a5a0b4ea1908b5f2d33c56a4d97e0b90e,2020-11-02 17:10:48+00:00,2020-11-30 17:10:48+00:00,1
a3065d69d67dbdd7ec78bbbeb6b36e7e479da805,2020-10-14 11:05:08+00:00,2020-11-11 11:05:08+00:00,1
a3065d69d67dbdd7ec78bbbeb6b36e7e479da805,2020-11-11 11:05:08+00:00,2020-12-09 11:05:08+00:00,0
40d63f8db077a7ed5619b1b21ce797262d36944c,2021-01-22 08:32:14+00:00,2021-02-19 08:32:14+00:00,1
74ab28bf6f07b9613e5f8cdc1b1b4479fb505c4b,2020-10-27 18:01:01+00:00,2020-11-24 18:01:01+00:00,1
74ab28bf6f07b9613e5f8cdc1b1b4479fb505c4b,2020-11-24 18:01:01+00:00,2020-12-22 18:01:01+00:00,0
5802657e549c34feeb872dada05e338043d0ef56,2020-11-12 14:40:17+00:00,2020-12-10 14:40:17+00:00,1
5802657e549c34feeb872dada05e338043d0ef56,2020-12-10 14:40:17+00:00,2021-01-07 14:40:17+00:00,1
5802657e549c34feeb872dada05e338043d0ef56,2021-01-07 14:40:17+00:00,2021-02-04 14:40:17+00:00,0
2ef7a6cecd056845b4073a3e724c34b2761d13f4,2020-11-15 10:41:03+00:00,2020-12-13 10:41:03+00:00,1
2ef7a6cecd056845b4073a3e724c34b2761d13f4,2020-12-13 10:41:03+00:00,2021-01-10 10:41:03+00:00,0
3e1a5fd1f17c6e5c3187f839d2ba251a5ee65770,2020-11-13 04:11:42+00:00,2020-12-11 04:11:42+00:00,1
3e1a5fd1f17c6e5c3187f839d2ba251a5ee65770,2020-12-11 04:11:42+00:00,2021-01-08 04:11:42+00:00,0
9a18302d94c3e43607d0f6eefb62f2e892980b94,2020-10-14 16:44:05+00:00,2020-11-11 16:44:05+00:00,1
9a18302d94c3e43607d0f6eefb62f2e892980b94,2020-11-11 16:44:05+00:00,2020-12-09 16:44:05+00:00,0
d1a12cce2c2dc594c662ba83dc221f6f4c911cd6,2020-10-10 11:45:48+00:00,2020-11-07 11:45:48+00:00,1
7237f11702bafb6bdba33be16a2fed6d4d1a6df4,2020-11-21 04:48:05+00:00,2020-12-19 04:48:05+00:00,1
7237f11702bafb6bdba33be16a2fed6d4d1a6df4,2020-12-19 04:48:05+00:00,2021-01-16 04:48:05+00:00,1
7237f11702bafb6bdba33be16a2fed6d4d1a6df4,2021-01-16 04:48:05+00:00,2021-02-13 04:48:05+00:00,1
31fabf01a24940a06ced7bb597fc6cd04228571e,2020-12-30 09:44:10+00:00,2021-01-27 09:44:10+00:00,1
0a1115affa5e69fbe1c3755d570d08ccefa3f44a,2020-09-27 07:45:57+00:00,2020-10-25 07:45:57+00:00,1
0a1115affa5e69fbe1c3755d570d08ccefa3f44a,2020-10-25 07:45:57+00:00,2020-11-22 07:45:57+00:00,0
d9d545b660aafa6f42dedba1d4b2a1f7bd92b1b5,2020-11-06 08:30:47+00:00,2020-12-04 08:30:47+00:00,1
5211015b3f90e7a0193c8e2415d402b60d8e2c8f,2021-01-16 18:41:13+00:00,2021-02-13 18:41:13+00:00,1
6d174eca6dcf0daeeb0eec33f7e42d549c8923da,2020-09-29 14:47:09+00:00,2020-10-27 14:47:09+00:00,1
6d174eca6dcf0daeeb0eec33f7e42d549c8923da,2020-10-27 14:47:09+00:00,2020-11-24 14:47:09+00:00,0
6d174eca6dcf0daeeb0eec33f7e42d549c8923da,2020-11-24 14:47:09+00:00,2020-12-22 14:47:09+00:00,0
6d174eca6dcf0daeeb0eec33f7e42d549c8923da,2020-12-22 14:47:09+00:00,2021-01-19 14:47:09+00:00,0
767bc3d5c5843d60b974b88df77166f722a281a1,2020-12-01 05:37:42+00:00,2020-12-29 05:37:42+00:00,1
767bc3d5c5843d60b974b88df77166f722a281a1,2020-12-29 05:37:42+00:00,2021-01-26 05:37:42+00:00,0
361d3d936ab60a80b9f913307f888d57ba08fa4c,2020-12-27 12:09:13+00:00,2021-01-24 12:09:13+00:00,1
85c276bfb29f8cadc9b4ac815f6cdcccae1269a9,2020-11-19 11:06:27+00:00,2020-12-17 11:06:27+00:00,1
ca2584380511c522112f07d1196d9ccd85f87f58,2020-12-30 13:19:44+00:00,2021-01-27 13:19:44+00:00,1
ca2584380511c522112f07d1196d9ccd85f87f58,2021-01-27 13:19:44+00:00,2021-02-24 13:19:44+00:00,0
a3ef56c4670571ece103e988fb92898e9c851bc0,2020-10-22 14:31:55+00:00,2020-11-19 14:31:55+00:00,1
a3ef56c4670571ece103e988fb92898e9c851bc0,2020-11-19 14:31:55+00:00,2020-12-17 14:31:55+00:00,0
a3ef56c4670571ece103e988fb92898e9c851bc0,2020-12-17 14:31:55+00:00,2021-01-14 14:31:55+00:00,0
9144c4f96b196667de64fb6b328765fe97b1de72,2020-09-28 11:53:47+00:00,2020-10-26 11:53:47+00:00,1
5ea91531fad60ec454eaf5640cab0a7265113a32,2020-10-14 08:22:28+00:00,2020-11-11 08:22:28+00:00,1
5ea91531fad60ec454eaf5640cab0a7265113a32,2020-11-11 08:22:28+00:00,2020-12-09 08:22:28+00:00,0
5ea91531fad60ec454eaf5640cab0a7265113a32,2020-12-09 08:22:28+00:00,2021-01-06 08:22:28+00:00,0
a66f9f693bceee873098f80d22999c773d230ec9,2020-12-13 21:38:48+00:00,2021-01-10 21:38:48+00:00,1
c0d28552030c9b2f7dbc577a3ce1135a24a23de9,2020-12-01 05:53:23+00:00,2020-12-29 05:53:23+00:00,1
79e165de3f8444c9d00020ff9cbac5130663fafe,2020-11-19 06:15:04+00:00,2020-12-17 06:15:04+00:00,1
79e165de3f8444c9d00020ff9cbac5130663fafe,2020-12-17 06:15:04+00:00,2021-01-14 06:15:04+00:00,0
bf0a2142f9db26bfae78d29bdef91967d131546c,2020-12-02 12:22:17+00:00,2020-12-30 12:22:17+00:00,1
bf0a2142f9db26bfae78d29bdef91967d131546c,2020-12-30 12:22:17+00:00,2021-01-27 12:22:17+00:00,0
8eeb07559c8b2626032e7049cdb2e96f66036bda,2020-09-29 13:45:24+00:00,2020-10-27 13:45:24+00:00,1
f98fad468b8b1fa1e38d50c2e8843716a3320c31,2020-12-06 10:28:52+00:00,2021-01-03 10:28:52+00:00,1
6da2ded8010ffece09d34ddbcee862d7f8301310,2020-11-20 19:26:43+00:00,2020-12-18 19:26:43+00:00,1
6da2ded8010ffece09d34ddbcee862d7f8301310,2020-12-18 19:26:43+00:00,2021-01-15 19:26:43+00:00,0
6da2ded8010ffece09d34ddbcee862d7f8301310,2021-01-15 19:26:43+00:00,2021-02-12 19:26:43+00:00,0
64dfaf822220e61a7d35cad08457e9845db5dfd9,2020-10-03 12:32:46+00:00,2020-10-31 12:32:46+00:00,1
64dfaf822220e61a7d35cad08457e9845db5dfd9,2020-10-31 12:32:46+00:00,2020-11-28 12:32:46+00:00,1
406049a3e09030c9d320e99bb692c65799d434a1,2020-11-10 08:09:15+00:00,2020-12-08 08:09:15+00:00,1
c4778bed4a6903a9005b2b6e680dbb1f48e47138,2020-11-12 17:15:12+00:00,2020-12-10 17:15:12+00:00,1
c4778bed4a6903a9005b2b6e680dbb1f48e47138,2020-12-10 17:15:12+00:00,2021-01-07 17:15:12+00:00,0
c4778bed4a6903a9005b2b6e680dbb1f48e47138,2021-01-07 17:15:12+00:00,2021-02-04 17:15:12+00:00,0
39332cd2c21b1723d35fb575aec89278c397836d,2020-09-30 17:05:52+00:00,2020-10-28 17:05:52+00:00,1
39332cd2c21b1723d35fb575aec89278c397836d,2020-10-28 17:05:52+00:00,2020-11-25 17:05:52+00:00,0
39332cd2c21b1723d35fb575aec89278c397836d,2020-11-25 17:05:52+00:00,2020-12-23 17:05:52+00:00,0
b0b60e1ac19a5736b2640f0173866ad5f3ac133e,2020-12-17 18:43:39+00:00,2021-01-14 18:43:39+00:00,1
72160bde3455f38a4c9dd7a70995bdc079f88417,2020-12-30 12:29:56+00:00,2021-01-27 12:29:56+00:00,1
fba5d2b93db7b8c4d0dbb0096deebb4e6a51aba3,2021-01-11 11:22:10+00:00,2021-02-08 11:22:10+00:00,1
3647fa1994a16023591ba358b8e3130e0877de8a,2020-10-12 08:16:48+00:00,2020-11-09 08:16:48+00:00,1
3647fa1994a16023591ba358b8e3130e0877de8a,2020-11-09 08:16:48+00:00,2020-12-07 08:16:48+00:00,0
7f4323ccee10c95b5e8c4f7e9524647e5d411ef7,2020-12-26 21:29:52+00:00,2021-01-23 21:29:52+00:00,1
cb2578d7f6fe9629fde2ee2f1479b6ef9b03453c,2020-10-12 17:55:02+00:00,2020-11-09 17:55:02+00:00,1
6e19182aa4270ad45ef698d3c75b485bfd40bf02,2020-12-06 19:24:58+00:00,2021-01-03 19:24:58+00:00,1
1e2036c45d8ce5ae287bf3ca7525cb83208ad06a,2021-01-08 19:41:44+00:00,2021-02-05 19:41:44+00:00,1
d559eec7f198f35ed648613ab2cd4df1b397996a,2020-10-24 08:15:43+00:00,2020-11-21 08:15:43+00:00,1
9645cdad86c6af1ad941e419418a12b42dab23ba,2020-10-23 10:27:41+00:00,2020-11-20 10:27:41+00:00,1
9645cdad86c6af1ad941e419418a12b42dab23ba,2020-11-20 10:27:41+00:00,2020-12-18 10:27:41+00:00,0
9645cdad86c6af1ad941e419418a12b42dab23ba,2020-12-18 10:27:41+00:00,2021-01-15 10:27:41+00:00,0
9645cdad86c6af1ad941e419418a12b42dab23ba,2021-01-15 10:27:41+00:00,2021-02-12 10:27:41+00:00,0
23ef8bfa128563d81fe4caf65abed9b1fcbe102a,2020-12-20 19:19:37+00:00,2021-01-17 19:19:37+00:00,1
5df56471316709fdcf5b986990589d32c6a9ba05,2020-12-02 04:46:10+00:00,2020-12-30 04:46:10+00:00,1
0eaeaba570fa5de3545fcb8b5dc438abe146bfbc,2020-11-18 07:57:35+00:00,2020-12-16 07:57:35+00:00,1
0eaeaba570fa5de3545fcb8b5dc438abe146bfbc,2020-12-16 07:57:35+00:00,2021-01-13 07:57:35+00:00,0
622f2088991de1f5b335112d6b1dbabc3ddefa47,2020-12-23 11:30:11+00:00,2021-01-20 11:30:11+00:00,1
5a30a0b62499422b7efa6e91a2cc93da67f3cc07,2020-10-12 00:00:17+00:00,2020-11-09 00:00:17+00:00,1
5a30a0b62499422b7efa6e91a2cc93da67f3cc07,2020-11-09 00:00:17+00:00,2020-12-07 00:00:17+00:00,0
605b06653757d447e93db277d5f3da331098fd7a,2020-10-23 06:45:13+00:00,2020-11-20 06:45:13+00:00,1
605b06653757d447e93db277d5f3da331098fd7a,2020-11-20 06:45:13+00:00,2020-12-18 06:45:13+00:00,1
0d8e8621ee9cfd7b617f1e93d1225c683eb0dae5,2020-11-19 13:09:30+00:00,2020-12-17 13:09:30+00:00,1
f62734f00ba2ff198881c702a321a3cc57651e95,2020-12-22 11:30:52+00:00,2021-01-19 11:30:52+00:00,1
cc7bd943efa51ea9f55e3c9b102cbd6aff89c015,2020-10-29 07:58:22+00:00,2020-11-26 07:58:22+00:00,1
cc7bd943efa51ea9f55e3c9b102cbd6aff89c015,2020-11-26 07:58:22+00:00,2020-12-24 07:58:22+00:00,1
e959c5c4fb22a1b29741d94b2d8715ae4e936144,2020-12-13 16:45:22+00:00,2021-01-10 16:45:22+00:00,1
51c18dfaadc16bd396296e4e3ebe12645cfe7372,2020-10-29 12:03:55+00:00,2020-11-26 12:03:55+00:00,1
77ddceafa54e46e3d9da19739e7086b319a88f06,2021-01-10 17:03:30+00:00,2021-02-07 17:03:30+00:00,1
f649361261f4b5b88165382712c8bd5de8fb12d2,2020-12-15 01:19:29+00:00,2021-01-12 01:19:29+00:00,1
fd208ec1206c3e9307850ef52ef68c318abd3c8f,2020-11-24 15:57:13+00:00,2020-12-22 15:57:13+00:00,1
a19d3c8f8114b51429d615652cfcff8d9577dbea,2020-11-05 12:00:31+00:00,2020-12-03 12:00:31+00:00,1
56069bde5d15a770e661088f796530fc66ec67e2,2020-11-01 09:44:39+00:00,2020-11-29 09:44:39+00:00,1
56069bde5d15a770e661088f796530fc66ec67e2,2020-11-29 09:44:39+00:00,2020-12-27 09:44:39+00:00,0
ddf9945ace066ffa2c408a4ad805237d0ba8c1e6,2020-10-20 11:04:47+00:00,2020-11-17 11:04:47+00:00,1
ddf9945ace066ffa2c408a4ad805237d0ba8c1e6,2020-11-17 11:04:47+00:00,2020-12-15 11:04:47+00:00,0
ddf9945ace066ffa2c408a4ad805237d0ba8c1e6,2020-12-15 11:04:47+00:00,2021-01-12 11:04:47+00:00,0
d9cfb4935538ab84e4ca3532c8a845f5ce112f9e,2020-11-13 09:21:05+00:00,2020-12-11 09:21:05+00:00,1
d9cfb4935538ab84e4ca3532c8a845f5ce112f9e,2020-12-11 09:21:05+00:00,2021-01-08 09:21:05+00:00,0
d9cfb4935538ab84e4ca3532c8a845f5ce112f9e,2021-01-08 09:21:05+00:00,2021-02-05 09:21:05+00:00,0
bf0f64efc39ec3c9e90bcfd1757d966eff36dc2a,2020-11-11 08:56:05+00:00,2020-12-09 08:56:05+00:00,1
60e04a0365dc93213c05def5ce75ffb1fa8fd658,2020-10-08 09:57:20+00:00,2020-11-05 09:57:20+00:00,1
483a026c102fb780450e0579147ef277c08d50f9,2020-12-10 08:49:31+00:00,2021-01-07 08:49:31+00:00,1
7fd75034625fb4853bedd33c556656eebf5b69c7,2020-11-06 21:44:04+00:00,2020-12-04 21:44:04+00:00,1
7fd75034625fb4853bedd33c556656eebf5b69c7,2020-12-04 21:44:04+00:00,2021-01-01 21:44:04+00:00,0
7fd75034625fb4853bedd33c556656eebf5b69c7,2021-01-01 21:44:04+00:00,2021-01-29 21:44:04+00:00,0
841601483817f2336e73dc68eff403222806b80e,2020-10-29 09:33:06+00:00,2020-11-26 09:33:06+00:00,1
841601483817f2336e73dc68eff403222806b80e,2020-11-26 09:33:06+00:00,2020-12-24 09:33:06+00:00,0
53fc3c0dbf5f10c2421653165b7cb9bad390e1ae,2020-10-18 18:27:59+00:00,2020-11-15 18:27:59+00:00,1
a655723459b12654a3570b6f88684dc25782e1eb,2020-12-18 05:20:36+00:00,2021-01-15 05:20:36+00:00,1
af98c731ebda843ffed329b6cb5794a950bff9cd,2020-10-03 19:34:52+00:00,2020-10-31 19:34:52+00:00,1
af98c731ebda843ffed329b6cb5794a950bff9cd,2020-10-31 19:34:52+00:00,2020-11-28 19:34:52+00:00,0
6ffbb2eaa528d258679be0b6b48a799e659391a6,2020-12-25 12:32:18+00:00,2021-01-22 12:32:18+00:00,1
0ede4f270058a8fb4eb08661e62642282f937e48,2020-10-19 20:21:48+00:00,2020-11-16 20:21:48+00:00,1
0ede4f270058a8fb4eb08661e62642282f937e48,2020-11-16 20:21:48+00:00,2020-12-14 20:21:48+00:00,0
0ede4f270058a8fb4eb08661e62642282f937e48,2020-12-14 20:21:48+00:00,2021-01-11 20:21:48+00:00,0
759f6a2a326dd5f973373e5382e5dac1eaa494fa,2020-11-23 07:58:46+00:00,2020-12-21 07:58:46+00:00,1
759f6a2a326dd5f973373e5382e5dac1eaa494fa,2020-12-21 07:58:46+00:00,2021-01-18 07:58:46+00:00,0
27bc727638dac5d4dc3b052ea9d64cbd5467f97a,2020-10-16 10:57:49+00:00,2020-11-13 10:57:49+00:00,1
21318c15fee80a1e6490454ac64c7c8a3dfb9b80,2020-10-03 18:59:54+00:00,2020-10-31 18:59:54+00:00,1
7e85e6d3d5fb2ef38452dac4d35c4fd64c4e82af,2020-10-10 04:13:11+00:00,2020-11-07 04:13:11+00:00,1
817b443d2d678dd9fcacc6931fb82acac8440258,2020-11-08 16:46:08+00:00,2020-12-06 16:46:08+00:00,1
817b443d2d678dd9fcacc6931fb82acac8440258,2020-12-06 16:46:08+00:00,2021-01-03 16:46:08+00:00,1
817b443d2d678dd9fcacc6931fb82acac8440258,2021-01-03 16:46:08+00:00,2021-01-31 16:46:08+00:00,0
a09e60f41efe5dceca1ae4a35a16add8847b4217,2020-10-22 13:39:55+00:00,2020-11-19 13:39:55+00:00,1
a09e60f41efe5dceca1ae4a35a16add8847b4217,2020-11-19 13:39:55+00:00,2020-12-17 13:39:55+00:00,0
a09e60f41efe5dceca1ae4a35a16add8847b4217,2020-12-17 13:39:55+00:00,2021-01-14 13:39:55+00:00,0
b8a473e579d162f098bf1077423b1af4b89cdce9,2020-10-23 22:37:01+00:00,2020-11-20 22:37:01+00:00,1
b8a473e579d162f098bf1077423b1af4b89cdce9,2020-11-20 22:37:01+00:00,2020-12-18 22:37:01+00:00,0
b8a473e579d162f098bf1077423b1af4b89cdce9,2020-12-18 22:37:01+00:00,2021-01-15 22:37:01+00:00,1
b8a473e579d162f098bf1077423b1af4b89cdce9,2021-01-15 22:37:01+00:00,2021-02-12 22:37:01+00:00,0
4a10ebe7bcce0e71386fcd5f0ad8ddf487a0fa58,2020-11-06 18:12:15+00:00,2020-12-04 18:12:15+00:00,1
b991fb032ca5c852b59b910a9bff633e213db8d0,2020-11-08 10:24:39+00:00,2020-12-06 10:24:39+00:00,1
b991fb032ca5c852b59b910a9bff633e213db8d0,2020-12-06 10:24:39+00:00,2021-01-03 10:24:39+00:00,0
b991fb032ca5c852b59b910a9bff633e213db8d0,2021-01-03 10:24:39+00:00,2021-01-31 10:24:39+00:00,0
32df1facc9bff924d167eb9086b235a7c180252d,2020-10-02 21:49:04+00:00,2020-10-30 21:49:04+00:00,1
32df1facc9bff924d167eb9086b235a7c180252d,2020-10-30 21:49:04+00:00,2020-11-27 21:49:04+00:00,0
c26b3610c2cba501a924062467abb6ff37af7dd1,2021-01-09 01:09:42+00:00,2021-02-06 01:09:42+00:00,1
5b52731bb73a8cd9d73e384eb9fa3364fadeb78a,2020-11-07 08:54:37+00:00,2020-12-05 08:54:37+00:00,1
a781d0776f0e71c9372f9e7fe284ca543bb9b513,2020-09-26 23:19:32+00:00,2020-10-24 23:19:32+00:00,1
a781d0776f0e71c9372f9e7fe284ca543bb9b513,2020-10-24 23:19:32+00:00,2020-11-21 23:19:32+00:00,0
a781d0776f0e71c9372f9e7fe284ca543bb9b513,2020-11-21 23:19:32+00:00,2020-12-19 23:19:32+00:00,1
d7a8d46c4fc0a47035c08c2bd6c24e3c4f6830e6,2020-11-17 17:58:32+00:00,2020-12-15 17:58:32+00:00,1
d7a8d46c4fc0a47035c08c2bd6c24e3c4f6830e6,2020-12-15 17:58:32+00:00,2021-01-12 17:58:32+00:00,0
d7a8d46c4fc0a47035c08c2bd6c24e3c4f6830e6,2021-01-12 17:58:32+00:00,2021-02-09 17:58:32+00:00,1
4457fb5a47155892d7f1bf74bb7cc65716dcde9b,2021-01-19 21:00:20+00:00,2021-02-16 21:00:20+00:00,1
3a3141f69633d9ab364f3dcc33c9766bcbe7a084,2020-11-16 09:15:39+00:00,2020-12-14 09:15:39+00:00,1
1973acdaba1b559b6b7af9d37cc25c9db6b41c94,2020-12-05 11:53:19+00:00,2021-01-02 11:53:19+00:00,1
1973acdaba1b559b6b7af9d37cc25c9db6b41c94,2021-01-02 11:53:19+00:00,2021-01-30 11:53:19+00:00,0
0cded37bb9cdfb50a84d4a3a8b8fa5222a9166a9,2020-10-30 05:36:00+00:00,2020-11-27 05:36:00+00:00,1
0cded37bb9cdfb50a84d4a3a8b8fa5222a9166a9,2020-11-27 05:36:00+00:00,2020-12-25 05:36:00+00:00,0
0cded37bb9cdfb50a84d4a3a8b8fa5222a9166a9,2020-12-25 05:36:00+00:00,2021-01-22 05:36:00+00:00,0
aa83440aa50eed2511e80a9a4d361972d2fd2ff9,2021-01-12 10:34:25+00:00,2021-02-09 10:34:25+00:00,1
4cc935f20d2f918e20603d47275afefba569a171,2020-11-25 17:06:43+00:00,2020-12-23 17:06:43+00:00,1
72b49600606cf5ad2d88310b5fb382624771217b,2020-11-07 07:10:43+00:00,2020-12-05 07:10:43+00:00,1
d3315cb523500d83e1baaf796a9dd6e8d8c1a60f,2020-10-23 09:10:59+00:00,2020-11-20 09:10:59+00:00,1
d3315cb523500d83e1baaf796a9dd6e8d8c1a60f,2020-11-20 09:10:59+00:00,2020-12-18 09:10:59+00:00,0
eced383ed15fdf0468d3201ce58087ab372781b0,2020-12-18 19:44:48+00:00,2021-01-15 19:44:48+00:00,1
94c3b069e0a16219327363c8bcdf17389a59e5c0,2020-12-19 20:33:45+00:00,2021-01-16 20:33:45+00:00,1
5cca09b67b61ffa523b5b42f15aa220eb30049f2,2020-10-24 18:11:08+00:00,2020-11-21 18:11:08+00:00,1
8bd3eabe85739d5b09e4536ecc9d20a6043a6158,2020-12-13 13:58:53+00:00,2021-01-10 13:58:53+00:00,1
1ab342acfdea0f9f782318c7afad8e47e334b99b,2020-12-12 10:16:06+00:00,2021-01-09 10:16:06+00:00,1
1ab342acfdea0f9f782318c7afad8e47e334b99b,2021-01-09 10:16:06+00:00,2021-02-06 10:16:06+00:00,0
5323e51e9a98450fd9b1b46c74ddb60d7b17121c,2020-12-15 17:02:11+00:00,2021-01-12 17:02:11+00:00,1
cbda26c2bfcbb41e001e5479794934e65caad334,2020-11-01 18:55:02+00:00,2020-11-29 18:55:02+00:00,1
cbda26c2bfcbb41e001e5479794934e65caad334,2020-11-29 18:55:02+00:00,2020-12-27 18:55:02+00:00,0
cbda26c2bfcbb41e001e5479794934e65caad334,2020-12-27 18:55:02+00:00,2021-01-24 18:55:02+00:00,0
cbda26c2bfcbb41e001e5479794934e65caad334,2021-01-24 18:55:02+00:00,2021-02-21 18:55:02+00:00,0
7c00aa8a7898237b82e7482adbd81d0d24706a33,2020-10-24 08:58:47+00:00,2020-11-21 08:58:47+00:00,1
59a3be8ec87d0563041fffa474d7cc26426f7b88,2020-11-30 18:56:46+00:00,2020-12-28 18:56:46+00:00,1
cf2c6c17b4b8d27ce16fa082010c13b48a99e067,2020-11-22 04:20:02+00:00,2020-12-20 04:20:02+00:00,1
5699eb3a0e15e3764c226f704479fb574cc5c036,2020-11-22 13:48:00+00:00,2020-12-20 13:48:00+00:00,1
1a31f3c876cb7cb707e9b2f25dcb199183087db8,2020-09-25 03:51:55+00:00,2020-10-23 03:51:55+00:00,1
a77e2ae3dc1077cf9524017abca651cce2d4186b,2020-11-03 10:11:40+00:00,2020-12-01 10:11:40+00:00,1
a77e2ae3dc1077cf9524017abca651cce2d4186b,2020-12-01 10:11:40+00:00,2020-12-29 10:11:40+00:00,0
a77e2ae3dc1077cf9524017abca651cce2d4186b,2020-12-29 10:11:40+00:00,2021-01-26 10:11:40+00:00,1
a77e2ae3dc1077cf9524017abca651cce2d4186b,2021-01-26 10:11:40+00:00,2021-02-23 10:11:40+00:00,0
e6869dbe46397deb1430cc648884c07ebbe520be,2020-12-21 15:21:07+00:00,2021-01-18 15:21:07+00:00,1
e6869dbe46397deb1430cc648884c07ebbe520be,2021-01-18 15:21:07+00:00,2021-02-15 15:21:07+00:00,0
178d50553a86670071b30f9e4e0c97ad105782b1,2020-11-07 17:35:08+00:00,2020-12-05 17:35:08+00:00,1
178d50553a86670071b30f9e4e0c97ad105782b1,2020-12-05 17:35:08+00:00,2021-01-02 17:35:08+00:00,0
178d50553a86670071b30f9e4e0c97ad105782b1,2021-01-02 17:35:08+00:00,2021-01-30 17:35:08+00:00,0
f69470cc48376232f67ace5a1249ceef630f8451,2020-10-13 21:54:36+00:00,2020-11-10 21:54:36+00:00,1
f69470cc48376232f67ace5a1249ceef630f8451,2020-11-10 21:54:36+00:00,2020-12-08 21:54:36+00:00,0
f69470cc48376232f67ace5a1249ceef630f8451,2020-12-08 21:54:36+00:00,2021-01-05 21:54:36+00:00,0
f951527f87344000cd962cd5f81dfd06b7ed5b0b,2020-11-19 07:56:50+00:00,2020-12-17 07:56:50+00:00,1
2a4f8b3b67e79f9d1e96274f149e4ab8c19c8102,2020-12-07 23:15:40+00:00,2021-01-04 23:15:40+00:00,1
1f93a212bf3abd7a3cfd31d42a8dfb27f334bb1a,2020-12-28 07:14:32+00:00,2021-01-25 07:14:32+00:00,1
55d1910e7612dfcc3e6ef903cf682b5e7e5fe912,2020-12-06 12:10:21+00:00,2021-01-03 12:10:21+00:00,1
29a9a0d5fe2a15b0bc5a45fe0a2a6e0060b83265,2020-10-21 07:03:05+00:00,2020-11-18 07:03:05+00:00,1
fe4924e6b820f694366a1afb2059b604777e3a6e,2020-09-24 13:46:20+00:00,2020-10-22 13:46:20+00:00,1
fe4924e6b820f694366a1afb2059b604777e3a6e,2020-10-22 13:46:20+00:00,2020-11-19 13:46:20+00:00,0
b9857ea79cfb8957bc9ba2e31e0fc1b7a1ba3d0b,2020-09-28 21:13:53+00:00,2020-10-26 21:13:53+00:00,1
a33b7298b6a11b9cc3f44ee4e2255c82bcd9bcd5,2020-10-29 13:04:08+00:00,2020-11-26 13:04:08+00:00,1
a33b7298b6a11b9cc3f44ee4e2255c82bcd9bcd5,2020-11-26 13:04:08+00:00,2020-12-24 13:04:08+00:00,0
9f13897a2092e4fb61866e9aca6e9aeda0e05953,2020-10-29 17:13:29+00:00,2020-11-26 17:13:29+00:00,1
b5efecb1e04b03f5da614494f8dc752913812c49,2020-12-30 08:49:07+00:00,2021-01-27 08:49:07+00:00,1
0fac2910d63d73e8464d4aa7eb3df6a305053328,2020-12-28 06:51:29+00:00,2021-01-25 06:51:29+00:00,1
fbb9d43a34aa321f7697bbbc515c38cbedc55eed,2020-10-02 10:20:41+00:00,2020-10-30 10:20:41+00:00,1
33a485ff70b173fa4f8b408f7bde72266828edac,2020-11-02 07:57:46+00:00,2020-11-30 07:57:46+00:00,1
fc56343255769384e1de02347a838c0051e87832,2020-11-24 19:01:14+00:00,2020-12-22 19:01:14+00:00,1
fc56343255769384e1de02347a838c0051e87832,2020-12-22 19:01:14+00:00,2021-01-19 19:01:14+00:00,0
fc56343255769384e1de02347a838c0051e87832,2021-01-19 19:01:14+00:00,2021-02-16 19:01:14+00:00,0
e3d761692f5e46484c47fa7ffb47a89dc0154361,2021-01-02 08:00:12+00:00,2021-01-30 08:00:12+00:00,1
a75f9e3fb48fc47ac17fcc7e0f20a733f8984a76,2020-11-25 19:23:06+00:00,2020-12-23 19:23:06+00:00,1
a75f9e3fb48fc47ac17fcc7e0f20a733f8984a76,2020-12-23 19:23:06+00:00,2021-01-20 19:23:06+00:00,0
f2725af0e3f3731b45765d012d7641bad2177e74,2020-10-30 06:06:33+00:00,2020-11-27 06:06:33+00:00,1
f2725af0e3f3731b45765d012d7641bad2177e74,2020-11-27 06:06:33+00:00,2020-12-25 06:06:33+00:00,0
f2725af0e3f3731b45765d012d7641bad2177e74,2020-12-25 06:06:33+00:00,2021-01-22 06:06:33+00:00,0
b5fcffb343951934f7e858c27ef1625ef77b12ec,2021-01-13 19:25:51+00:00,2021-02-10 19:25:51+00:00,1
6735c63ea5b9af8805caa23c443679b4073814e4,2020-10-21 12:04:42+00:00,2020-11-18 12:04:42+00:00,1
47bdc5e148cde9da0d225706b5f6ac3206b5887d,2020-12-17 14:19:56+00:00,2021-01-14 14:19:56+00:00,1
32570ea93aef11d439ac17721aab9a91236daec9,2020-11-21 04:02:57+00:00,2020-12-19 04:02:57+00:00,1
32570ea93aef11d439ac17721aab9a91236daec9,2020-12-19 04:02:57+00:00,2021-01-16 04:02:57+00:00,0
32570ea93aef11d439ac17721aab9a91236daec9,2021-01-16 04:02:57+00:00,2021-02-13 04:02:57+00:00,0
7efb4733dc5f9ba733490e9228c71a0a7b3e194c,2020-12-29 18:54:30+00:00,2021-01-26 18:54:30+00:00,1
d5f64839163345b61600515bee271373a9c6d06d,2020-09-25 13:56:21+00:00,2020-10-23 13:56:21+00:00,1
d5f64839163345b61600515bee271373a9c6d06d,2020-10-23 13:56:21+00:00,2020-11-20 13:56:21+00:00,0
d5f64839163345b61600515bee271373a9c6d06d,2020-11-20 13:56:21+00:00,2020-12-18 13:56:21+00:00,0
d5f64839163345b61600515bee271373a9c6d06d,2020-12-18 13:56:21+00:00,2021-01-15 13:56:21+00:00,0
b3d7d7e9ad7dc1d8b35949c7bd7c357b2a43ce4a,2020-12-04 16:12:08+00:00,2021-01-01 16:12:08+00:00,1
b3d7d7e9ad7dc1d8b35949c7bd7c357b2a43ce4a,2021-01-01 16:12:08+00:00,2021-01-29 16:12:08+00:00,0
b3d7d7e9ad7dc1d8b35949c7bd7c357b2a43ce4a,2021-01-29 16:12:08+00:00,2021-02-26 16:12:08+00:00,0
13a365e9babb9ab40ddd9db8fe689958d2ad2965,2020-11-04 11:19:07+00:00,2020-12-02 11:19:07+00:00,1
40f6c308a77c8b0bd8d9330aedddcdcd78fd20cb,2020-12-02 08:59:15+00:00,2020-12-30 08:59:15+00:00,1
40f6c308a77c8b0bd8d9330aedddcdcd78fd20cb,2020-12-30 08:59:15+00:00,2021-01-27 08:59:15+00:00,0
e83b84157444bc20f711b4114fe3bc3ccfc3780a,2020-11-20 16:44:33+00:00,2020-12-18 16:44:33+00:00,1
d7f2b83c77021fa1692a1a25ec064670e12db5cf,2020-11-26 06:59:32+00:00,2020-12-24 06:59:32+00:00,1
c0c622a4e8c336e818f7d5484c7eda949dbcfea1,2020-10-16 04:55:48+00:00,2020-11-13 04:55:48+00:00,1
c0c622a4e8c336e818f7d5484c7eda949dbcfea1,2020-11-13 04:55:48+00:00,2020-12-11 04:55:48+00:00,0
c0c622a4e8c336e818f7d5484c7eda949dbcfea1,2020-12-11 04:55:48+00:00,2021-01-08 04:55:48+00:00,0
c0c622a4e8c336e818f7d5484c7eda949dbcfea1,2021-01-08 04:55:48+00:00,2021-02-05 04:55:48+00:00,0
a57989750c4fa3426cfbeb9f966e9fdad37c63cd,2020-11-06 17:25:01+00:00,2020-12-04 17:25:01+00:00,1
a57989750c4fa3426cfbeb9f966e9fdad37c63cd,2020-12-04 17:25:01+00:00,2021-01-01 17:25:01+00:00,0
a57989750c4fa3426cfbeb9f966e9fdad37c63cd,2021-01-01 17:25:01+00:00,2021-01-29 17:25:01+00:00,0
495cb6ab9b7832bfcdc13370d2e8067d88af8b14,2020-11-12 06:38:41+00:00,2020-12-10 06:38:41+00:00,1
26149b7495424db030e5adaac59ebfa3e616cf09,2020-11-15 08:39:15+00:00,2020-12-13 08:39:15+00:00,1
26149b7495424db030e5adaac59ebfa3e616cf09,2020-12-13 08:39:15+00:00,2021-01-10 08:39:15+00:00,0
26149b7495424db030e5adaac59ebfa3e616cf09,2021-01-10 08:39:15+00:00,2021-02-07 08:39:15+00:00,0
00936699bd9dd534d9066f589e30185f97353e8c,2020-11-05 14:59:14+00:00,2020-12-03 14:59:14+00:00,1
9dbb1e423e5110e3c55941ef59e3fecba1f174a9,2020-11-18 17:18:26+00:00,2020-12-16 17:18:26+00:00,1
9de5d7319757c140d455767deae65a429030cb67,2020-09-28 09:49:43+00:00,2020-10-26 09:49:43+00:00,1
a30aa7ada5850280ddcee00cbe1b2ba98b00602e,2020-09-27 18:17:36+00:00,2020-10-25 18:17:36+00:00,1
dea44e683cfcda3c5f9129aabd2e8ff8b1ca67fc,2020-10-17 18:57:44+00:00,2020-11-14 18:57:44+00:00,1
2ef07fa68b8b2d9d015fe044300406f1c5436b7a,2020-12-19 12:32:25+00:00,2021-01-16 12:32:25+00:00,1
d26a3fb708e9368be3553fd3c9fa84ffcf581d80,2020-10-25 07:24:12+00:00,2020-11-22 07:24:12+00:00,1
d26a3fb708e9368be3553fd3c9fa84ffcf581d80,2020-11-22 07:24:12+00:00,2020-12-20 07:24:12+00:00,0
0712eb817e423b9df102a7160cd78cf207d77c8b,2020-10-23 18:56:00+00:00,2020-11-20 18:56:00+00:00,1
0712eb817e423b9df102a7160cd78cf207d77c8b,2020-11-20 18:56:00+00:00,2020-12-18 18:56:00+00:00,0
0712eb817e423b9df102a7160cd78cf207d77c8b,2020-12-18 18:56:00+00:00,2021-01-15 18:56:00+00:00,0
fc55ea8a696cc14b2b59eab45554c4196091685c,2020-11-27 06:59:20+00:00,2020-12-25 06:59:20+00:00,1
fc55ea8a696cc14b2b59eab45554c4196091685c,2020-12-25 06:59:20+00:00,2021-01-22 06:59:20+00:00,0
fc55ea8a696cc14b2b59eab45554c4196091685c,2021-01-22 06:59:20+00:00,2021-02-19 06:59:20+00:00,0
a0ab80bc58bef9d5dcf05146c5741db9dfb17e3e,2020-10-23 08:17:58+00:00,2020-11-20 08:17:58+00:00,1
a0ab80bc58bef9d5dcf05146c5741db9dfb17e3e,2020-11-20 08:17:58+00:00,2020-12-18 08:17:58+00:00,0
a1eac76b2644847190225a61c570e50b9e166945,2020-12-17 12:09:43+00:00,2021-01-14 12:09:43+00:00,1
a6741740d995cb6f0abfb01778121e629b4cd474,2020-11-29 16:14:29+00:00,2020-12-27 16:14:29+00:00,1
a6741740d995cb6f0abfb01778121e629b4cd474,2020-12-27 16:14:29+00:00,2021-01-24 16:14:29+00:00,0
a6741740d995cb6f0abfb01778121e629b4cd474,2021-01-24 16:14:29+00:00,2021-02-21 16:14:29+00:00,0
555baf75b032af53d03f83984f04f444f4880030,2020-12-29 20:22:01+00:00,2021-01-26 20:22:01+00:00,1
fe1b3bce3543cc215f8aa6c8fadb2baf7195de12,2020-10-04 10:46:21+00:00,2020-11-01 10:46:21+00:00,1
1acfedc58d41aa7484a95b7e9f2d56f2fc0ad952,2020-12-07 15:07:24+00:00,2021-01-04 15:07:24+00:00,1
7c6bdd33e75f6154022a1021cd8c07f7bc3f37ec,2020-10-31 18:24:06+00:00,2020-11-28 18:24:06+00:00,1
7c6bdd33e75f6154022a1021cd8c07f7bc3f37ec,2020-11-28 18:24:06+00:00,2020-12-26 18:24:06+00:00,0
8623d0c3e4b0ea8ad0b645f56b6f6c7b1f17a0bf,2020-11-19 18:59:56+00:00,2020-12-17 18:59:56+00:00,1
8623d0c3e4b0ea8ad0b645f56b6f6c7b1f17a0bf,2020-12-17 18:59:56+00:00,2021-01-14 18:59:56+00:00,0
29854f2dd549db9dd07a32d33cf9a1ad64cec8e4,2020-11-05 01:57:45+00:00,2020-12-03 01:57:45+00:00,1
29854f2dd549db9dd07a32d33cf9a1ad64cec8e4,2020-12-03 01:57:45+00:00,2020-12-31 01:57:45+00:00,0
29854f2dd549db9dd07a32d33cf9a1ad64cec8e4,2020-12-31 01:57:45+00:00,2021-01-28 01:57:45+00:00,0
29854f2dd549db9dd07a32d33cf9a1ad64cec8e4,2021-01-28 01:57:45+00:00,2021-02-25 01:57:45+00:00,0
8b2d71c6df2a98cd3ea3604189fb24178354e1fa,2021-01-04 14:32:30+00:00,2021-02-01 14:32:30+00:00,1
7ca57290dd824b7a838e150bf8d20e21598cfde4,2020-11-28 20:12:09+00:00,2020-12-26 20:12:09+00:00,1
7ca57290dd824b7a838e150bf8d20e21598cfde4,2020-12-26 20:12:09+00:00,2021-01-23 20:12:09+00:00,0
f4b5dd7c1b3f1bc1e0d9786f0573dea3d4a4b8a8,2020-10-30 16:12:34+00:00,2020-11-27 16:12:34+00:00,1
f4b5dd7c1b3f1bc1e0d9786f0573dea3d4a4b8a8,2020-11-27 16:12:34+00:00,2020-12-25 16:12:34+00:00,0
b46e5a7de74e5921f699ebb8b26dd45ab9807ac7,2020-11-06 13:18:21+00:00,2020-12-04 13:18:21+00:00,1
028739332f2699f4d5f4341807a41dfe593acf65,2020-11-30 04:43:22+00:00,2020-12-28 04:43:22+00:00,1
028739332f2699f4d5f4341807a41dfe593acf65,2020-12-28 04:43:22+00:00,2021-01-25 04:43:22+00:00,0
97b10f0e0b1a4628fcadb0d9b6868e7a43ce2fd9,2020-10-01 15:24:06+00:00,2020-10-29 15:24:06+00:00,1
97b10f0e0b1a4628fcadb0d9b6868e7a43ce2fd9,2020-10-29 15:24:06+00:00,2020-11-26 15:24:06+00:00,0
48b4ca7c798ffaaf7207cf9f6a4f35ce68a9c9a4,2020-11-16 11:55:28+00:00,2020-12-14 11:55:28+00:00,1
48b4ca7c798ffaaf7207cf9f6a4f35ce68a9c9a4,2020-12-14 11:55:28+00:00,2021-01-11 11:55:28+00:00,0
530e54fc0236d6c512c99eb431b9430592106c65,2020-12-11 14:36:12+00:00,2021-01-08 14:36:12+00:00,1
ea8c7d093864f29a50bd56f7008d0f989cfc1a7d,2020-11-16 13:50:50+00:00,2020-12-14 13:50:50+00:00,1
ea8c7d093864f29a50bd56f7008d0f989cfc1a7d,2020-12-14 13:50:50+00:00,2021-01-11 13:50:50+00:00,0
ea8c7d093864f29a50bd56f7008d0f989cfc1a7d,2021-01-11 13:50:50+00:00,2021-02-08 13:50:50+00:00,0
8e606efb7a6d1bd8e4eb9ed7ebc86c1aa393b0be,2020-10-16 09:09:12+00:00,2020-11-13 09:09:12+00:00,1
8e606efb7a6d1bd8e4eb9ed7ebc86c1aa393b0be,2020-11-13 09:09:12+00:00,2020-12-11 09:09:12+00:00,0
8e606efb7a6d1bd8e4eb9ed7ebc86c1aa393b0be,2020-12-11 09:09:12+00:00,2021-01-08 09:09:12+00:00,0
8e606efb7a6d1bd8e4eb9ed7ebc86c1aa393b0be,2021-01-08 09:09:12+00:00,2021-02-05 09:09:12+00:00,0
